id,name,created_by,created_at
1,House of Anthica Test,1,2025-05-05 22:36:57.188399
2,F House,1,2025-05-06 02:30:34.310427
3,Test 2,1,2025-05-06 14:35:32.530123
4,Test 4,1,2025-05-06 14:43:14.549872
5,Test 6,1,2025-05-06 15:03:51.663478
6,Test 7,1,2025-05-06 15:12:28.579636
7,Test 8,1,2025-05-06 15:17:51.791605
8,Test 9,1,2025-05-06 15:24:49.858205
9,Test 10,1,2025-05-06 15:29:13.202256
10,Test 11,1,2025-05-06 15:29:30.992138
11,Test 12,1,2025-05-06 15:32:25.516238
12,Test 13,1,2025-05-06 15:36:00.658339
13,Test 14,1,2025-05-06 16:12:35.949065
14,Test 14,1,2025-05-06 16:31:48.292185
20,Beta Squad,1,2025-05-06 21:37:49.642879
23,Test testing testing Mr Parker ,1,2025-05-07 01:58:22.248212
24,Test Interactive,1,2025-05-20 19:28:11.670143
